name,category,description,address,area,latitude,longitude,openingHours,entryFee,bestTimeToVisit,duration,amenities,rating,tags,city
Annapoorna Hotel,restaurant,"Famous for authentic South Indian cuisine and traditional breakfast items.",R.S. Puram,R.S. Puram,11.0045,76.9612,"6:00 AM - 11:00 PM","Free entry","Breakfast and dinner hours","1-2 hours","Air Conditioning|Family Dining|Parking|Takeaway",4.3,"south indian|breakfast|traditional|family",Coimbatore
Sree Annapoorna,restaurant,"Popular restaurant serving traditional Tamil Nadu dishes and thali meals.",Gandhipuram,Gandhipuram,11.0187,76.9558,"7:00 AM - 11:00 PM","Free entry","Lunch and dinner","1-2 hours","Air Conditioning|Family Dining|Parking|Home Delivery",4.2,"tamil nadu|thali|traditional|lunch",Coimbatore
Shree Anandhaas,restaurant,"Authentic vegetarian restaurant known for its North and South Indian cuisine.",Peelamedu,Peelamedu,11.0256,76.9669,"11:00 AM - 3:30 PM, 6:30 PM - 10:30 PM","Free entry","Lunch and dinner","1-2 hours","Air Conditioning|Pure Vegetarian|Parking|Takeaway",4.4,"vegetarian|north indian|south indian|family",Coimbatore
Haribhavanam,restaurant,"Popular family restaurant serving delicious biryani and traditional dishes.",Town Hall,Town Hall,11.0012,76.9634,"11:00 AM - 11:00 PM","Free entry","Lunch and dinner","1-2 hours","Air Conditioning|Family Dining|Parking|Home Delivery",4.1,"biryani|family|traditional|dinner",Coimbatore
The French Door,restaurant,"Continental and fusion cuisine restaurant with elegant ambiance.",Race Course,Race Course,11.0123,76.9789,"12:00 PM - 3:30 PM, 7:00 PM - 11:30 PM","Free entry",Dinner,"2 hours","Air Conditioning|Bar|Parking|Fine Dining",4.5,"continental|fusion|fine dining|bar",Coimbatore
Barbeque Nation,restaurant,"Grill and buffet restaurant with live counter dining experience.",Brookfields Mall,R.S. Puram,11.0098,76.9654,"12:00 PM - 3:30 PM, 7:00 PM - 11:30 PM","Free entry","Lunch and dinner","2-3 hours","Air Conditioning|Live Grill|Buffet|Parking",4.3,"grill|buffet|live counter|family",Coimbatore
Chennai Silks Restaurant,restaurant,"Multi-cuisine dining restaurant attached to the famous silk showroom.",Oppanakara Street,Town Hall,11.0023,76.9645,"11:00 AM - 3:30 PM, 6:30 PM - 10:30 PM","Free entry","Lunch and dinner","1-2 hours","Air Conditioning|Family Dining|Parking|Multi-cuisine",4.0,"multi cuisine|family|lunch|dinner",Coimbatore
Pankajam Restaurant,restaurant,"Traditional Kerala cuisine restaurant near Palakkad Fort.",Fort Road,Palakkad, Kerala,10.7654,76.6543,"7:00 AM - 10:00 PM","Free entry","Lunch and dinner","1-2 hours","Air Conditioning|Family Dining|Parking",4.2,"kerala|traditional|family|lunch",Palakkad
Kairali Vegetarian Restaurant,restaurant,"Authentic Kerala vegetarian restaurant with traditional dishes.",Palakkad Town,Palakkad, Kerala,10.7789,76.6678,"8:00 AM - 10:00 PM","Free entry","All meals","1-2 hours","Air Conditioning|Pure Vegetarian|Parking",4.3,"kerala|vegetarian|traditional|family",Palakkad
Tea Garden Restaurant,restaurant,"Scenic restaurant amidst tea plantations offering fresh tea and snacks.",Coonoor,Nilgiris,11.3456,76.8234,"9:00 AM - 6:00 PM","Free entry","Tea time and lunch","1-2 hours","Garden View|Tea Tasting|Parking|Photography",4.5,"tea|garden|scenic|nilgiris",Coonoor
Ooty Continental Restaurant,restaurant,"Multi-cuisine restaurant in Ooty serving Indian, Chinese, and Continental dishes.",Ooty Town,Nilgiris,11.3987,76.7345,"8:00 AM - 10:30 PM","Free entry","All meals","1-2 hours","Air Conditioning|Family Dining|Parking|Home Delivery",4.1,"multi cuisine|family|tourist|ooty",Ooty
Hotel Blue Valley,restaurant,"Popular restaurant in Kodaikanal serving multi-cuisine dishes with mountain views.",Kodaikanal,Dindigul,10.2345,77.4876,"7:00 AM - 10:00 PM","Free entry","All meals","1-2 hours","Mountain View|Family Dining|Parking|Bar",4.3,"multi cuisine|scenic|family|kodaikanal",Kodaikanal
Alps Restaurant,restaurant,"Fine dining restaurant in Kodaikanal offering Indian and Continental cuisine.",Coaker's Walk Road,Kodaikanal,Dindigul,10.2123,77.4765,"12:00 PM - 3:30 PM, 7:00 PM - 10:30 PM","Free entry","Lunch and dinner","2 hours","Valley View|Fine Dining|Bar|Parking",4.4,"fine dining|scenic|continental|kodaikanal",Kodaikanal
Tata Tea Museum Cafe,restaurant,"Cafe inside Tata Tea Museum serving fresh tea and light snacks.",Munnar,Idukki,10.0876,77.0543,"9:00 AM - 4:00 PM","Free entry","Tea time and lunch","1 hour","Tea Garden View|Tea Tasting|Snacks|Shopping",4.2,"tea|cafe|snacks|munnar",Munnar
Saravana Bhavan,restaurant,"Famous South Indian restaurant chain with authentic vegetarian cuisine.",Munnar Town,Idukki,10.0987,77.0456,"7:00 AM - 10:00 PM","Free entry","All meals","1-2 hours","Air Conditioning|Pure Vegetarian|Parking|Home Delivery",4.3,"south indian|vegetarian|family|munnar",Munnar
Arul Jyothi Hotel,restaurant,"Traditional Tamil Nadu cuisine restaurant in Palani.",Palani,Dindigul,10.4567,77.5123,"6:00 AM - 11:00 PM","Free entry","All meals","1-2 hours","Family Dining|Parking|Home Delivery",4.0,"tamil nadu|traditional|family|pilgrimage",Palani
Hotel Sri Ayyappan,restaurant,"Popular restaurant near Palani Murugan Temple serving vegetarian food.",Temple Road,Palani,Dindigul,10.4678,77.5234,"5:30 AM - 10:00 PM","Free entry","All meals","1-2 hours","Family Dining|Pure Vegetarian|Parking",4.1,"vegetarian|temple|family|palani",Palani
Pollachi Green Restaurant,restaurant,"Farm-to-table restaurant serving organic and local cuisine.",Pollachi Town,Coimbatore,10.6678,76.9876,"8:00 AM - 10:00 PM","Free entry","All meals","1-2 hours","Organic Food|Garden View|Parking|Family Dining",4.4,"organic|farm to table|local|pollachi",Pollachi
Chettinadu Restaurant,restaurant,"Authentic Chettinadu cuisine restaurant in Pollachi.",Pollachi Town,Coimbatore,10.6789,76.9987,"11:00 AM - 3:30 PM, 6:30 PM - 10:30 PM","Free entry","Lunch and dinner","2 hours","Air Conditioning|Family Dining|Parking|Spicy Food",4.2,"chettinadu|spicy|traditional|pollachi",Pollachi
Metupalayam Biryani House,restaurant,"Famous for its unique biryani recipes in Metupalayam.",Metupalayam,Coimbatore,11.2987,76.9345,"11:00 AM - 11:00 PM","Free entry","Lunch and dinner","1-2 hours","Biryani|Family Dining|Parking|Takeaway",4.3,"biryani|spicy|traditional|metupalayam",Metupalayam
Erode Parotta Kadai,restaurant,"Traditional restaurant famous for parotta and salna in Erode.",Erode Town,Erode,11.3456,77.7234,"6:00 AM - 11:00 PM","Free entry","All meals","1-2 hours","Parotta|Family Dining|Parking|Takeaway",4.1,"parotta|traditional|erode|family",Erode
Silent Valley Cafe,restaurant,"Eco-friendly cafe near Silent Valley National Park serving organic food.",Mukkali,Palakkad, Kerala,11.1234,76.4567,"7:00 AM - 8:00 PM","Free entry","All meals","1-2 hours","Organic Food|Nature View|Eco Friendly|Parking",4.0,"organic|eco friendly|nature|silent valley",Mukkali
Parambikulam Canteen,restaurant,"Forest department canteen serving simple food near Parambikulam.",Parambikulam,Coimbatore,10.2847,76.7345,"8:00 AM - 8:00 PM","Free entry","All meals","1 hour","Simple Food|Forest View|Basic Facilities|Parking",3.8,"simple|forest|basic|parambikulam",Parambikulam
Topslip Forest Restaurant,restaurant,"Forest department restaurant near Topslip Tiger Reserve.",Topslip,Coimbatore,10.4567,76.8234,"8:00 AM - 8:00 PM","Free entry","All meals","1 hour","Simple Food|Forest View|Basic Facilities",3.9,"simple|forest|wildlife|topslip",Topslip
Aliyar Dam View Restaurant,restaurant,"Restaurant with scenic views of Aliyar Dam serving multi-cuisine food.",Aliyar Dam,Coimbatore,10.6234,76.9456,"9:00 AM - 9:00 PM","Free entry","All meals","1-2 hours","Dam View|Family Dining|Parking|Photography",4.2,"scenic|dam view|family|aliyar",Aliyar
Siruvani Tea Stall,restaurant,"Local tea stall near Siruvani Dam famous for fresh tea and snacks.",Siruvani,Coimbatore,11.0234,76.6789,"7:00 AM - 7:00 PM","Free entry","Tea time","30 minutes","Fresh Tea|Local Snacks|Basic Facilities|Parking",3.7,"tea|local|snacks|siruvani",Siruvani
